[{"model": "contenttypes.contenttype", "pk": 1, "fields": {"app_label": "admin", "model": "logentry"}}, {"model": "contenttypes.contenttype", "pk": 2, "fields": {"app_label": "auth", "model": "permission"}}, {"model": "contenttypes.contenttype", "pk": 3, "fields": {"app_label": "auth", "model": "group"}}, {"model": "contenttypes.contenttype", "pk": 4, "fields": {"app_label": "auth", "model": "user"}}, {"model": "contenttypes.contenttype", "pk": 5, "fields": {"app_label": "contenttypes", "model": "contenttype"}}, {"model": "contenttypes.contenttype", "pk": 6, "fields": {"app_label": "sessions", "model": "session"}}, {"model": "contenttypes.contenttype", "pk": 7, "fields": {"app_label": "mtn", "model": "order"}}, {"model": "contenttypes.contenttype", "pk": 8, "fields": {"app_label": "staff", "model": "employee"}}, {"model": "contenttypes.contenttype", "pk": 9, "fields": {"app_label": "equip", "model": "press"}}, {"model": "contenttypes.contenttype", "pk": 10, "fields": {"app_label": "invent", "model": "part"}}, {"model": "contenttypes.contenttype", "pk": 11, "fields": {"app_label": "invent", "model": "vendor"}}, {"model": "contenttypes.contenttype", "pk": 12, "fields": {"app_label": "invent", "model": "usedpart"}}, {"model": "sessions.session", "pk": "e9bkomezfwh89w23t897ajgt56i1u527", "fields": {"session_data": "ZTQzZjdlNDM5ZDU5ZTYzODM3OGMyYjcwZTY5ZGVjNWMzZjc5MGRhYzp7Il9hdXRoX3VzZXJfaWQiOiIxIiwiX2F1dGhfdXNlcl9iYWNrZW5kIjoiZGphbmdvLmNvbnRyaWIuYXV0aC5iYWNrZW5kcy5Nb2RlbEJhY2tlbmQiLCJfYXV0aF91c2VyX2hhc2giOiI5OWViZjEwMDI1NTE2N2RlNDhmYmFkNTQzNzZiYjU0NDcwMDdjNmIzIn0=", "expire_date": "2020-05-12T17:38:05.254Z"}}, {"model": "sessions.session", "pk": "jn3fu40tdgb1jmbkdp6ej74azarsd7f5", "fields": {"session_data": "ZThjODY0ZDk0MTY2NDJjNjJjODNhYzQzOGZiODI5ZmMxMjY5NGY4Mzp7Il9hdXRoX3VzZXJfaWQiOiIxIiwiX2F1dGhfdXNlcl9iYWNrZW5kIjoiZGphbmdvLmNvbnRyaWIuYXV0aC5iYWNrZW5kcy5Nb2RlbEJhY2tlbmQiLCJfYXV0aF91c2VyX2hhc2giOiJmNjU3YzVlOGIyMGMwZTliMmE2NzNmOTFiYjA3YTYzYzEyM2QwZTg2In0=", "expire_date": "2020-04-27T13:12:07.757Z"}}, {"model": "sessions.session", "pk": "q15ci1ct37dz79y7oe6godr60q5ylaa3", "fields": {"session_data": "YTVhMTIzNWFmNGJhMmIzYTI5NDAzZDhhYWU4NTA1ZWMyZTc0OGU4Yzp7Il9hdXRoX3VzZXJfaWQiOiIxIiwiX2F1dGhfdXNlcl9iYWNrZW5kIjoiZGphbmdvLmNvbnRyaWIuYXV0aC5iYWNrZW5kcy5Nb2RlbEJhY2tlbmQiLCJfYXV0aF91c2VyX2hhc2giOiIyYmQ2NzZjODI3NWI1Y2M2NTdmMzUyNjM1NzVhNjRiOGJiYmVjNmU1In0=", "expire_date": "2020-05-11T17:53:14.175Z"}}, {"model": "staff.employee", "pk": 1, "fields": {"first_name": "Hugh", "last_name": "Mann", "role": "SV"}}, {"model": "staff.employee", "pk": 2, "fields": {"first_name": "Jack", "last_name": "Goff", "role": "MT"}}, {"model": "staff.employee", "pk": 3, "fields": {"first_name": "Maintenance", "last_name": null, "role": "MT"}}, {"model": "equip.press", "pk": 1, "fields": {"pname": "Press 1"}}, {"model": "equip.press", "pk": 2, "fields": {"pname": "Press 2"}}, {"model": "equip.press", "pk": 3, "fields": {"pname": "Press 3"}}, {"model": "equip.press", "pk": 4, "fields": {"pname": "Press 4"}}, {"model": "equip.press", "pk": 5, "fields": {"pname": "Press 5"}}, {"model": "equip.press", "pk": 6, "fields": {"pname": "Press 6"}}, {"model": "invent.part", "pk": 1, "fields": {"partnum": "111111111111", "descr": "sadsada", "amount": 46, "unit": "items", "price": "10.00", "cat": [1, 2, 3, 4, 5], "vendr": [1, 2]}}, {"model": "invent.part", "pk": 2, "fields": {"partnum": "22222222222222", "descr": "", "amount": 4, "unit": "lb", "price": "10.00", "cat": [2], "vendr": [1]}}, {"model": "invent.part", "pk": 3, "fields": {"partnum": "33333333333", "descr": "", "amount": 18, "unit": "ft", "price": "1.00", "cat": [3, 4, 6], "vendr": [2]}}, {"model": "invent.part", "pk": 4, "fields": {"partnum": "666666666666666", "descr": "sacascascsa jlk vlkds vlkd mv;dsj ;lsdmv s,dmv", "amount": 90, "unit": "items", "price": "1.33", "cat": [1, 2, 3, 4, 5], "vendr": [1]}}, {"model": "invent.usedpart", "pk": 1, "fields": {"part": 1, "order": 1, "amount_used": 3, "marked_to_delete": false}}, {"model": "invent.usedpart", "pk": 2, "fields": {"part": 2, "order": 1, "amount_used": 1, "marked_to_delete": false}}, {"model": "invent.usedpart", "pk": 3, "fields": {"part": 1, "order": 7, "amount_used": 1, "marked_to_delete": false}}, {"model": "invent.usedpart", "pk": 4, "fields": {"part": 4, "order": 8, "amount_used": 4, "marked_to_delete": false}}, {"model": "invent.usedpart", "pk": 5, "fields": {"part": 4, "order": 8, "amount_used": 4, "marked_to_delete": false}}, {"model": "invent.usedpart", "pk": 6, "fields": {"part": 4, "order": 8, "amount_used": 4, "marked_to_delete": false}}, {"model": "invent.usedpart", "pk": 7, "fields": {"part": 4, "order": 8, "amount_used": 4, "marked_to_delete": false}}, {"model": "invent.usedpart", "pk": 8, "fields": {"part": 4, "order": 7, "amount_used": 2, "marked_to_delete": false}}, {"model": "invent.usedpart", "pk": 9, "fields": {"part": 3, "order": 9, "amount_used": 1, "marked_to_delete": false}}, {"model": "invent.usedpart", "pk": 14, "fields": {"part": 4, "order": 10, "amount_used": 1, "marked_to_delete": false}}, {"model": "invent.usedpart", "pk": 17, "fields": {"part": 4, "order": 23, "amount_used": 2, "marked_to_delete": true}}, {"model": "invent.vendor", "pk": 1, "fields": {"name": "Grainger", "addr1": null, "addr2": null, "city": null, "state": null, "zipcode": null, "email": null, "phone": null, "vcomm": ""}}, {"model": "invent.vendor", "pk": 2, "fields": {"name": "McMaster", "addr1": null, "addr2": null, "city": null, "state": null, "zipcode": null, "email": null, "phone": null, "vcomm": ""}}, {"model": "auth.permission", "pk": 1, "fields": {"name": "Can add log entry", "content_type": 1, "codename": "add_logentry"}}, {"model": "auth.permission", "pk": 2, "fields": {"name": "Can change log entry", "content_type": 1, "codename": "change_logentry"}}, {"model": "auth.permission", "pk": 3, "fields": {"name": "Can delete log entry", "content_type": 1, "codename": "delete_logentry"}}, {"model": "auth.permission", "pk": 4, "fields": {"name": "Can view log entry", "content_type": 1, "codename": "view_logentry"}}, {"model": "auth.permission", "pk": 5, "fields": {"name": "Can add permission", "content_type": 2, "codename": "add_permission"}}, {"model": "auth.permission", "pk": 6, "fields": {"name": "Can change permission", "content_type": 2, "codename": "change_permission"}}, {"model": "auth.permission", "pk": 7, "fields": {"name": "Can delete permission", "content_type": 2, "codename": "delete_permission"}}, {"model": "auth.permission", "pk": 8, "fields": {"name": "Can view permission", "content_type": 2, "codename": "view_permission"}}, {"model": "auth.permission", "pk": 9, "fields": {"name": "Can add group", "content_type": 3, "codename": "add_group"}}, {"model": "auth.permission", "pk": 10, "fields": {"name": "Can change group", "content_type": 3, "codename": "change_group"}}, {"model": "auth.permission", "pk": 11, "fields": {"name": "Can delete group", "content_type": 3, "codename": "delete_group"}}, {"model": "auth.permission", "pk": 12, "fields": {"name": "Can view group", "content_type": 3, "codename": "view_group"}}, {"model": "auth.permission", "pk": 13, "fields": {"name": "Can add user", "content_type": 4, "codename": "add_user"}}, {"model": "auth.permission", "pk": 14, "fields": {"name": "Can change user", "content_type": 4, "codename": "change_user"}}, {"model": "auth.permission", "pk": 15, "fields": {"name": "Can delete user", "content_type": 4, "codename": "delete_user"}}, {"model": "auth.permission", "pk": 16, "fields": {"name": "Can view user", "content_type": 4, "codename": "view_user"}}, {"model": "auth.permission", "pk": 17, "fields": {"name": "Can add content type", "content_type": 5, "codename": "add_contenttype"}}, {"model": "auth.permission", "pk": 18, "fields": {"name": "Can change content type", "content_type": 5, "codename": "change_contenttype"}}, {"model": "auth.permission", "pk": 19, "fields": {"name": "Can delete content type", "content_type": 5, "codename": "delete_contenttype"}}, {"model": "auth.permission", "pk": 20, "fields": {"name": "Can view content type", "content_type": 5, "codename": "view_contenttype"}}, {"model": "auth.permission", "pk": 21, "fields": {"name": "Can add session", "content_type": 6, "codename": "add_session"}}, {"model": "auth.permission", "pk": 22, "fields": {"name": "Can change session", "content_type": 6, "codename": "change_session"}}, {"model": "auth.permission", "pk": 23, "fields": {"name": "Can delete session", "content_type": 6, "codename": "delete_session"}}, {"model": "auth.permission", "pk": 24, "fields": {"name": "Can view session", "content_type": 6, "codename": "view_session"}}, {"model": "auth.permission", "pk": 25, "fields": {"name": "Can add order", "content_type": 7, "codename": "add_order"}}, {"model": "auth.permission", "pk": 26, "fields": {"name": "Can change order", "content_type": 7, "codename": "change_order"}}, {"model": "auth.permission", "pk": 27, "fields": {"name": "Can delete order", "content_type": 7, "codename": "delete_order"}}, {"model": "auth.permission", "pk": 28, "fields": {"name": "Can view order", "content_type": 7, "codename": "view_order"}}, {"model": "auth.permission", "pk": 29, "fields": {"name": "Can add employee", "content_type": 8, "codename": "add_employee"}}, {"model": "auth.permission", "pk": 30, "fields": {"name": "Can change employee", "content_type": 8, "codename": "change_employee"}}, {"model": "auth.permission", "pk": 31, "fields": {"name": "Can delete employee", "content_type": 8, "codename": "delete_employee"}}, {"model": "auth.permission", "pk": 32, "fields": {"name": "Can view employee", "content_type": 8, "codename": "view_employee"}}, {"model": "auth.permission", "pk": 33, "fields": {"name": "Can add press", "content_type": 9, "codename": "add_press"}}, {"model": "auth.permission", "pk": 34, "fields": {"name": "Can change press", "content_type": 9, "codename": "change_press"}}, {"model": "auth.permission", "pk": 35, "fields": {"name": "Can delete press", "content_type": 9, "codename": "delete_press"}}, {"model": "auth.permission", "pk": 36, "fields": {"name": "Can view press", "content_type": 9, "codename": "view_press"}}, {"model": "auth.permission", "pk": 37, "fields": {"name": "Can add part", "content_type": 10, "codename": "add_part"}}, {"model": "auth.permission", "pk": 38, "fields": {"name": "Can change part", "content_type": 10, "codename": "change_part"}}, {"model": "auth.permission", "pk": 39, "fields": {"name": "Can delete part", "content_type": 10, "codename": "delete_part"}}, {"model": "auth.permission", "pk": 40, "fields": {"name": "Can view part", "content_type": 10, "codename": "view_part"}}, {"model": "auth.permission", "pk": 41, "fields": {"name": "Can add vendor", "content_type": 11, "codename": "add_vendor"}}, {"model": "auth.permission", "pk": 42, "fields": {"name": "Can change vendor", "content_type": 11, "codename": "change_vendor"}}, {"model": "auth.permission", "pk": 43, "fields": {"name": "Can delete vendor", "content_type": 11, "codename": "delete_vendor"}}, {"model": "auth.permission", "pk": 44, "fields": {"name": "Can view vendor", "content_type": 11, "codename": "view_vendor"}}, {"model": "auth.permission", "pk": 45, "fields": {"name": "Can add used part", "content_type": 12, "codename": "add_usedpart"}}, {"model": "auth.permission", "pk": 46, "fields": {"name": "Can change used part", "content_type": 12, "codename": "change_usedpart"}}, {"model": "auth.permission", "pk": 47, "fields": {"name": "Can delete used part", "content_type": 12, "codename": "delete_usedpart"}}, {"model": "auth.permission", "pk": 48, "fields": {"name": "Can view used part", "content_type": 12, "codename": "view_usedpart"}}, {"model": "auth.group", "pk": 1, "fields": {"name": "maintenance", "permissions": [33, 34, 36, 37, 38, 40, 45, 46, 48, 41, 42, 44, 25, 26, 28, 29, 30, 32]}}, {"model": "auth.user", "pk": 1, "fields": {"password": "pbkdf2_sha256$180000$dlgeOwS8U5sV$PeIgUP4OYSkNQSZKFoV2OAFNacQpPB/USnPckO8drb4=", "last_login": "2020-04-28T17:38:05.131Z", "is_superuser": true, "username": "admin", "first_name": "", "last_name": "", "email": "", "is_staff": true, "is_active": true, "date_joined": "2020-04-13T13:11:34Z", "groups": [1], "user_permissions": []}}, {"model": "mtn.order", "pk": 1, "fields": {"ordertype": "RE", "origin": 1, "local": 1, "descr": "Something bad", "date_added": "2019-11-13T13:19:58.824Z", "repby": 2, "cause": "DM", "descrrep": "sadsaddwadsd", "timerep": "11:00:00", "repdate": "2020-04-15", "owner": 1, "closed": true}}, {"model": "mtn.order", "pk": 5, "fields": {"ordertype": "PM", "origin": 1, "local": 3, "descr": "vsvsvdd", "date_added": "2020-04-13T16:57:17.080Z", "repby": 2, "cause": "NW", "descrrep": "asdsadas", "timerep": "00:00:00.000003", "repdate": "2020-04-22", "owner": 1, "closed": true}}, {"model": "mtn.order", "pk": 6, "fields": {"ordertype": "RE", "origin": 1, "local": 1, "descr": "dsvdsvdsvs", "date_added": "2019-12-13T17:09:30.786Z", "repby": 2, "cause": "UN", "descrrep": "svsdvsdvsdvdsv", "timerep": "12:00:00", "repdate": "2020-04-22", "owner": 1, "closed": true}}, {"model": "mtn.order", "pk": 7, "fields": {"ordertype": "RE", "origin": 1, "local": 1, "descr": "dsvdsvdsvs", "date_added": "2020-01-13T17:20:34.845Z", "repby": 2, "cause": "UN", "descrrep": "wqdwqdwqdqwdwqd", "timerep": "01:00:00", "repdate": "2020-04-22", "owner": 1, "closed": true}}, {"model": "mtn.order", "pk": 8, "fields": {"ordertype": "ST", "origin": 1, "local": 5, "descr": "cewfewfwef", "date_added": "2020-04-14T11:10:39.947Z", "repby": 2, "cause": "NW", "descrrep": "sadsadas", "timerep": "00:00:00.000001", "repdate": "2020-04-22", "owner": 1, "closed": true}}, {"model": "mtn.order", "pk": 9, "fields": {"ordertype": "ST", "origin": 1, "local": 6, "descr": "Something bad happened", "date_added": "2020-04-14T13:48:08.906Z", "repby": 2, "cause": "NW", "descrrep": "Something good", "timerep": "00:00:00.000002", "repdate": "2020-04-19", "owner": 1, "closed": true}}, {"model": "mtn.order", "pk": 10, "fields": {"ordertype": "ST", "origin": 1, "local": 4, "descr": "utkyukyuk vsmds vj;lsdv m,;lskvl s,vs /l',vs ;'v, s;lmv;lsmv ;lks ak cl;'sa clsa 'ca's c sas ,c' sac ac;,ac sa ds vsdvj dslk vslkd  lksvs e f vcsds fsd sd fs s s sddslkflmnflkdsnflksdn lsdnf  flksnfdsnfosdn lsdlksdnf lksdlksdnflkds lk lkds lks lkds lkds lkdsn lk", "date_added": "2020-04-15T15:27:17.709Z", "repby": 2, "cause": "NW", "descrrep": "dasd ascsautkyukyuk vsmds vj;lsdv m,;lskvl s,vs /l',vs ;'v, s;lmv;lsmv ;lks ak cl;'sa clsa 'ca's c sas ,c' sac ac;,ac sa ds vsdvj dslk vslkd  lksvsutkyukyuk vsmds vj;lsdv m,;lskvl s,vs /l',vs ;'v, s;lmv;lsmv ;lks ak cl;'sa clsa 'ca's c sas ,c' sac ac;,ac sa ds vsdvj dslk vslkd  lksvsutkyukyuk vsmds vj;lsdv m,;lskvl s,vs /l',vs ;'v, s;lmv;lsmv ;lks ak cl;'sa clsa 'ca's c sas ,c' sac ac;,ac sa ds vsdvj dslk vslkd  lksvsutkyukyuk vsmds vj;lsdv m,;lskvl s,vs /l',vs ;'v, s;lmv;lsmv ;lks ak cl;'sa clsa 'ca's c sas ,c' sac ac;,ac sa ds vsdvj dslk vslkd  lksvsutkyukyuk vsmds vj;lsdv m,;lskvl s,vs /l',vs ;'v, s;lmv;lsmv ;lks ak cl;'sa clsa 'ca's c sas ,c' sac ac;,ac sa ds vsdvj dslk vslkd  lksvs", "timerep": "00:00:00.000001", "repdate": "2020-04-09", "owner": 1, "closed": true}}, {"model": "mtn.order", "pk": 11, "fields": {"ordertype": "RE", "origin": 1, "local": 2, "descr": "fdsdfsdvdsv ds vsdvds jsv nsd nlksd lkds vlks ms; dvs mld;s ms; s ms ;lsd m;lsd;lka mvlkaclks lkdsa as mdasmda", "date_added": "2020-04-21T12:36:17.011Z", "repby": 2, "cause": "DM", "descrrep": "sv sv dsv sd vds", "timerep": "00:00:00", "repdate": "2020-04-21", "owner": 1, "closed": true}}, {"model": "mtn.order", "pk": 12, "fields": {"ordertype": "RE", "origin": 1, "local": 3, "descr": "dfdsvsvsd", "date_added": "2020-04-22T12:02:37.124Z", "repby": 2, "cause": "UN", "descrrep": "wdsadsac", "timerep": "00:00:00.000001", "repdate": "2020-04-22", "owner": 1, "closed": true}}, {"model": "mtn.order", "pk": 13, "fields": {"ordertype": "RE", "origin": 1, "local": 3, "descr": "wadqwdw", "date_added": "2020-04-22T12:13:36.873Z", "repby": 2, "cause": "DM", "descrrep": "213213", "timerep": "00:00:00.000002", "repdate": "2020-04-22", "owner": 1, "closed": true}}, {"model": "mtn.order", "pk": 14, "fields": {"ordertype": "RE", "origin": 1, "local": 3, "descr": "sacxsac", "date_added": "2020-04-22T16:02:22.297Z", "repby": 2, "cause": "DM", "descrrep": "sadasd", "timerep": "00:00:00.000002", "repdate": "2020-04-22", "owner": 1, "closed": true}}, {"model": "mtn.order", "pk": 15, "fields": {"ordertype": "ST", "origin": 1, "local": 3, "descr": "213213123", "date_added": "2020-04-22T17:55:40.783Z", "repby": 2, "cause": "NW", "descrrep": "12wdsada", "timerep": "00:00:00.000002", "repdate": "2020-04-22", "owner": 1, "closed": true}}, {"model": "mtn.order", "pk": 16, "fields": {"ordertype": "RE", "origin": 1, "local": 3, "descr": "fbcbfd", "date_added": "2020-04-22T17:59:48.967Z", "repby": 2, "cause": "DM", "descrrep": "dsvsdvs", "timerep": "00:00:00.000005", "repdate": "2020-04-22", "owner": 1, "closed": true}}, {"model": "mtn.order", "pk": 17, "fields": {"ordertype": "ST", "origin": 1, "local": 3, "descr": "fewfew", "date_added": "2020-04-22T18:06:16.683Z", "repby": 2, "cause": "NW", "descrrep": "sadad", "timerep": "00:00:00.000002", "repdate": "2020-04-22", "owner": 1, "closed": true}}, {"model": "mtn.order", "pk": 18, "fields": {"ordertype": "PM", "origin": 1, "local": 3, "descr": "43t3t3", "date_added": "2020-04-22T18:14:32.466Z", "repby": 2, "cause": "NW", "descrrep": "dqdwqd", "timerep": "00:00:00.000001", "repdate": "2020-04-22", "owner": 1, "closed": true}}, {"model": "mtn.order", "pk": 19, "fields": {"ordertype": "RE", "origin": 1, "local": 3, "descr": "wadqwd", "date_added": "2020-04-22T18:14:45.574Z", "repby": 2, "cause": "UN", "descrrep": "wqdwqdq", "timerep": "00:00:00.000002", "repdate": "2020-04-22", "owner": 1, "closed": true}}, {"model": "mtn.order", "pk": 20, "fields": {"ordertype": "ST", "origin": 1, "local": 3, "descr": "sadsadasdad", "date_added": "2020-04-22T18:16:16.129Z", "repby": 2, "cause": "NW", "descrrep": "fdbfdsbfdbd", "timerep": "00:00:00.000005", "repdate": "2020-04-22", "owner": 1, "closed": true}}, {"model": "mtn.order", "pk": 21, "fields": {"ordertype": "RE", "origin": 1, "local": 3, "descr": "dsfwef3f", "date_added": "2020-04-22T18:16:55.793Z", "repby": 2, "cause": "UN", "descrrep": "acacq", "timerep": "00:00:00.000005", "repdate": "2020-04-22", "owner": 1, "closed": true}}, {"model": "mtn.order", "pk": 22, "fields": {"ordertype": "RE", "origin": 1, "local": 1, "descr": "sadasdsad", "date_added": "2020-02-22T19:21:05.200Z", "repby": 2, "cause": "UN", "descrrep": "rthrthrth", "timerep": "02:00:00", "repdate": "2020-04-23", "owner": 1, "closed": true}}, {"model": "mtn.order", "pk": 23, "fields": {"ordertype": "ST", "origin": 1, "local": 2, "descr": "wdsadasdasd", "date_added": "2020-04-22T19:21:19.887Z", "repby": null, "cause": "NW", "descrrep": null, "timerep": null, "repdate": null, "owner": 1, "closed": false}}, {"model": "mtn.order", "pk": 24, "fields": {"ordertype": "PM", "origin": 1, "local": 5, "descr": "sadadsdcsa", "date_added": "2020-04-22T19:21:49.795Z", "repby": null, "cause": "NW", "descrrep": null, "timerep": null, "repdate": null, "owner": 1, "closed": false}}, {"model": "mtn.order", "pk": 25, "fields": {"ordertype": "RE", "origin": 1, "local": 3, "descr": "sadasdsada", "date_added": "2020-04-22T19:24:40.668Z", "repby": 2, "cause": "UN", "descrrep": "sadsadasda", "timerep": "1 12:18:00", "repdate": "2020-04-24", "owner": 1, "closed": false}}, {"model": "mtn.order", "pk": 26, "fields": {"ordertype": "RE", "origin": 1, "local": 1, "descr": "sadsadas", "date_added": "2020-03-23T15:16:22.056Z", "repby": 2, "cause": "DM", "descrrep": "asdasd", "timerep": "03:00:00", "repdate": "2020-04-23", "owner": 1, "closed": true}}, {"model": "mtn.order", "pk": 27, "fields": {"ordertype": "RE", "origin": 1, "local": 1, "descr": "1321231", "date_added": "2020-04-21T15:24:10.932Z", "repby": 2, "cause": "NW", "descrrep": "asdada", "timerep": "04:00:00", "repdate": "2020-04-23", "owner": 1, "closed": true}}, {"model": "mtn.order", "pk": 28, "fields": {"ordertype": "RE", "origin": 1, "local": 1, "descr": "1231231", "date_added": "2020-04-23T15:39:34.107Z", "repby": 2, "cause": "UN", "descrrep": "sadadasd", "timerep": "04:00:00", "repdate": "2020-04-23", "owner": 1, "closed": true}}, {"model": "mtn.order", "pk": 29, "fields": {"ordertype": "RE", "origin": 1, "local": 2, "descr": "wdasdasd", "date_added": "2020-04-23T20:04:50.382Z", "repby": 2, "cause": "NW", "descrrep": "dadadawd", "timerep": "2 20:00:00", "repdate": "2020-04-24", "owner": 1, "closed": false}}, {"model": "mtn.order", "pk": 30, "fields": {"ordertype": "RE", "origin": 1, "local": 1, "descr": "dsvsdvsdvs", "date_added": "2020-04-24T12:42:55.721Z", "repby": 2, "cause": "UN", "descrrep": "dasdasdadwad", "timerep": "00:06:00", "repdate": "2020-04-24", "owner": 1, "closed": false}}, {"model": "mtn.order", "pk": 31, "fields": {"ordertype": "ST", "origin": 1, "local": 1, "descr": "wqdwqdwqd", "date_added": "2020-04-24T18:25:40.039Z", "repby": null, "cause": "NW", "descrrep": null, "timerep": null, "repdate": null, "owner": 1, "closed": false}}, {"model": "mtn.order", "pk": 34, "fields": {"ordertype": "PM", "origin": 3, "local": 1, "descr": "Preventive maintenance", "date_added": "2020-04-24T19:22:02.955Z", "repby": null, "cause": "NW", "descrrep": "", "timerep": null, "repdate": null, "owner": 1, "closed": false}}, {"model": "admin.logentry", "pk": 1, "fields": {"action_time": "2020-04-13T13:13:22.781Z", "user": 1, "content_type": 3, "object_id": "1", "object_repr": "maintenance", "action_flag": 1, "change_message": "[{\"added\": {}}]"}}, {"model": "admin.logentry", "pk": 2, "fields": {"action_time": "2020-04-13T13:13:39.408Z", "user": 1, "content_type": 4, "object_id": "1", "object_repr": "admin", "action_flag": 2, "change_message": "[{\"changed\": {\"fields\": [\"Groups\"]}}]"}}, {"model": "admin.logentry", "pk": 3, "fields": {"action_time": "2020-04-13T13:13:50.248Z", "user": 1, "content_type": 9, "object_id": "1", "object_repr": "Press 1", "action_flag": 1, "change_message": "[{\"added\": {}}]"}}, {"model": "admin.logentry", "pk": 4, "fields": {"action_time": "2020-04-13T13:13:57.276Z", "user": 1, "content_type": 9, "object_id": "2", "object_repr": "Press 2", "action_flag": 1, "change_message": "[{\"added\": {}}]"}}, {"model": "admin.logentry", "pk": 5, "fields": {"action_time": "2020-04-13T13:14:04.568Z", "user": 1, "content_type": 9, "object_id": "3", "object_repr": "Press 3", "action_flag": 1, "change_message": "[{\"added\": {}}]"}}, {"model": "admin.logentry", "pk": 6, "fields": {"action_time": "2020-04-13T13:14:17.110Z", "user": 1, "content_type": 9, "object_id": "4", "object_repr": "Press 4", "action_flag": 1, "change_message": "[{\"added\": {}}]"}}, {"model": "admin.logentry", "pk": 7, "fields": {"action_time": "2020-04-13T13:14:22.402Z", "user": 1, "content_type": 9, "object_id": "5", "object_repr": "Press 5", "action_flag": 1, "change_message": "[{\"added\": {}}]"}}, {"model": "admin.logentry", "pk": 8, "fields": {"action_time": "2020-04-13T13:14:47.646Z", "user": 1, "content_type": 11, "object_id": "1", "object_repr": "Grainger", "action_flag": 1, "change_message": "[{\"added\": {}}]"}}, {"model": "admin.logentry", "pk": 9, "fields": {"action_time": "2020-04-13T13:14:58.110Z", "user": 1, "content_type": 11, "object_id": "2", "object_repr": "McMaster", "action_flag": 1, "change_message": "[{\"added\": {}}]"}}, {"model": "admin.logentry", "pk": 10, "fields": {"action_time": "2020-04-13T13:15:45.188Z", "user": 1, "content_type": 10, "object_id": "1", "object_repr": "111111111111", "action_flag": 1, "change_message": "[{\"added\": {}}]"}}, {"model": "admin.logentry", "pk": 11, "fields": {"action_time": "2020-04-13T13:16:18.056Z", "user": 1, "content_type": 10, "object_id": "2", "object_repr": "22222222222222", "action_flag": 1, "change_message": "[{\"added\": {}}]"}}, {"model": "admin.logentry", "pk": 12, "fields": {"action_time": "2020-04-13T13:16:46.039Z", "user": 1, "content_type": 10, "object_id": "3", "object_repr": "33333333333", "action_flag": 1, "change_message": "[{\"added\": {}}]"}}, {"model": "admin.logentry", "pk": 13, "fields": {"action_time": "2020-04-13T13:17:08.794Z", "user": 1, "content_type": 8, "object_id": "1", "object_repr": "Hugh Mann", "action_flag": 1, "change_message": "[{\"added\": {}}]"}}, {"model": "admin.logentry", "pk": 14, "fields": {"action_time": "2020-04-13T13:19:19.810Z", "user": 1, "content_type": 8, "object_id": "2", "object_repr": "Jack Goff", "action_flag": 1, "change_message": "[{\"added\": {}}]"}}, {"model": "admin.logentry", "pk": 15, "fields": {"action_time": "2020-04-13T13:19:26.499Z", "user": 1, "content_type": 8, "object_id": "1", "object_repr": "Hugh Mann", "action_flag": 2, "change_message": "[{\"changed\": {\"fields\": [\"Role\"]}}]"}}, {"model": "admin.logentry", "pk": 16, "fields": {"action_time": "2020-04-13T16:55:53.950Z", "user": 1, "content_type": 7, "object_id": "3", "object_repr": "00003", "action_flag": 3, "change_message": ""}}, {"model": "admin.logentry", "pk": 17, "fields": {"action_time": "2020-04-13T16:55:54.052Z", "user": 1, "content_type": 7, "object_id": "2", "object_repr": "00002", "action_flag": 3, "change_message": ""}}, {"model": "admin.logentry", "pk": 18, "fields": {"action_time": "2020-04-13T16:57:05.259Z", "user": 1, "content_type": 7, "object_id": "4", "object_repr": "00004", "action_flag": 3, "change_message": ""}}, {"model": "admin.logentry", "pk": 19, "fields": {"action_time": "2020-04-14T13:47:51.770Z", "user": 1, "content_type": 9, "object_id": "6", "object_repr": "Press 6", "action_flag": 1, "change_message": "[{\"added\": {}}]"}}, {"model": "admin.logentry", "pk": 20, "fields": {"action_time": "2020-04-24T19:17:29.542Z", "user": 1, "content_type": 8, "object_id": "3", "object_repr": "Maintenance None", "action_flag": 1, "change_message": "[{\"added\": {}}]"}}, {"model": "admin.logentry", "pk": 21, "fields": {"action_time": "2020-04-24T19:17:39.516Z", "user": 1, "content_type": 8, "object_id": "3", "object_repr": "Maintenance None", "action_flag": 2, "change_message": "[]"}}, {"model": "admin.logentry", "pk": 22, "fields": {"action_time": "2020-04-24T19:19:49.348Z", "user": 1, "content_type": 7, "object_id": "33", "object_repr": "00033", "action_flag": 3, "change_message": ""}}, {"model": "admin.logentry", "pk": 23, "fields": {"action_time": "2020-04-24T19:19:58.579Z", "user": 1, "content_type": 7, "object_id": "32", "object_repr": "00032", "action_flag": 3, "change_message": ""}}, {"model": "admin.logentry", "pk": 24, "fields": {"action_time": "2020-04-27T15:26:38.090Z", "user": 1, "content_type": 7, "object_id": "39", "object_repr": "00039", "action_flag": 3, "change_message": ""}}, {"model": "admin.logentry", "pk": 25, "fields": {"action_time": "2020-04-27T15:26:38.290Z", "user": 1, "content_type": 7, "object_id": "38", "object_repr": "00038", "action_flag": 3, "change_message": ""}}, {"model": "admin.logentry", "pk": 26, "fields": {"action_time": "2020-04-27T15:26:38.412Z", "user": 1, "content_type": 7, "object_id": "37", "object_repr": "00037", "action_flag": 3, "change_message": ""}}, {"model": "admin.logentry", "pk": 27, "fields": {"action_time": "2020-04-27T15:26:38.557Z", "user": 1, "content_type": 7, "object_id": "36", "object_repr": "00036", "action_flag": 3, "change_message": ""}}, {"model": "admin.logentry", "pk": 28, "fields": {"action_time": "2020-04-27T15:26:38.701Z", "user": 1, "content_type": 7, "object_id": "35", "object_repr": "00035", "action_flag": 3, "change_message": ""}}]